{"search":"","showTags":true,"showAttachments":false,"hideUnresolved":false,"showOrphans":true,"showArrow":false,"textFadeMultiplier":0.4,"nodeSizeMultiplier":1.81709401709402,"lineSizeMultiplier":1.27264957264957,"centerStrength":0.556179775280899,"repelStrength":9.66292134831461,"linkStrength":0.578651685393258,"linkDistance":328,"scale":0.7132754626224422}